{"cameraMode":{"drawMode":0,"name":"Shaded","section":"Shading Mode"},"sceneLighting":true,"audioPlay":false,"sceneViewState":{"showFog":true,"showMaterialUpdate":false,"showSkybox":true,"showFlares":true,"showImageEffects":true,"showParticleSystems":true},"in2DMode":false,"pivot":{"x":-2.9307432174682619,"y":-1.919417381286621,"z":-1.3068089485168458},"rotation":{"x":-0.21285314857959748,"y":0.7802070379257202,"z":-0.3529300093650818,"w":-0.4705451428890228},"size":5.292315483093262,"orthographic":false}